Timestamp,Nama,Wish
11/15/2025 22:16:46,Budi,Selamatttt
11/16/2025 6:24:09,Ceren,Tes
11/16/2025 7:12:13,Ceren,semoga lancar sampai hari h
11/16/2025 7:12:14,Ceren,semoga lancar sampai hari h
11/16/2025 7:12:15,Ceren,semoga lancar sampai hari h
11/16/2025 7:12:16,Ceren,semoga lancar sampai hari h
11/16/2025 7:12:17,Ceren,semoga lancar sampai hari h
11/16/2025 7:12:18,Ceren,semoga lancar sampai hari h
11/16/2025 7:12:19,Ceren,semoga lancar sampai hari h
11/16/2025 7:12:20,Ceren,semoga lancar sampai hari h
11/16/2025 7:12:21,Ceren,semoga lancar sampai hari h
11/16/2025 7:12:22,Ceren,semoga lancar sampai hari h
11/16/2025 7:12:23,Ceren,semoga lancar sampai hari h
11/16/2025 7:12:24,Ceren,semoga lancar sampai hari h
11/16/2025 7:12:25,Ceren,semoga lancar sampai hari h
11/16/2025 7:12:26,Ceren,semoga lancar sampai hari h
11/16/2025 7:12:27,Ceren,semoga lancar sampai hari h
11/16/2025 7:12:28,Ceren,semoga lancar sampai hari h
11/16/2025 7:12:29,Ceren,semoga lancar sampai hari h
11/16/2025 7:12:30,Ceren,semoga lancar sampai hari h
11/16/2025 7:12:31,Ceren,semoga lancar sampai hari h
11/16/2025 7:12:32,Ceren,semoga lancar sampai hari h
11/16/2025 7:12:33,Ceren,semoga lancar sampai hari h
11/16/2025 7:12:34,Ceren,semoga lancar sampai hari h
11/16/2025 7:12:35,Ceren,semoga lancar sampai hari h
